OTU ID,ordered cumulative contribution,SILVA Taxonomy
Otu0001,0.2904,Bacteria(100);Proteobacteria(100);Alphaproteobacteria(100);Rhodospirillales(100);Acetobacteraceae(100);Saccharibacter(100);Saccharibacter_unclassified(100);Saccharibacter_unclassified(100);Saccharibacter_unclassified(100);
Otu0004,0.3916,Bacteria(100);Proteobacteria(100);Alphaproteobacteria(100);Rhodospirillales(100);Acetobacteraceae(100);Gluconacetobacter(100);Gluconacetobacter_unclassified(100);Gluconacetobacter_unclassified(100);Gluconacetobacter_unclassified(100);
Otu0002,0.4825,Bacteria(100);Proteobacteria(100);Alphaproteobacteria(100);Rhodospirillales(100);Acetobacteraceae(100);Acetobacter(100);Acetobacter_unclassified(100);Acetobacter_unclassified(100);Acetobacter_unclassified(100);
Otu0003,0.5701,Bacteria(100);Proteobacteria(100);Alphaproteobacteria(100);Rhodospirillales(100);Acetobacteraceae(100);Gluconobacter(100);Gluconobacter_unclassified(100);Gluconobacter_unclassified(100);Gluconobacter_unclassified(100);
Otu0007,0.6468,Bacteria(100);Proteobacteria(100);Gammaproteobacteria(100);Gammaproteobacteria_unclassified(100);Gammaproteobacteria_unclassified(100);Gammaproteobacteria_unclassified(100);Gammaproteobacteria_unclassified(100);Gammaproteobacteria_unclassified(100);Gammaproteobacteria_unclassified(100);
Otu0006,0.7146,Bacteria(100);Proteobacteria(100);Alphaproteobacteria(100);Rhodospirillales(100);Acetobacteraceae(100);Gluconobacter(100);Gluconobacter_unclassified(100);Gluconobacter_unclassified(100);Gluconobacter_unclassified(100);
Otu0005,0.7625,Bacteria(100);Proteobacteria(100);Gammaproteobacteria(100);Enterobacteriales(100);Enterobacteriaceae(100);Enteric_Bacteria_cluster(100);Buttiauxella(85);Buttiauxella_unclassified(85);Buttiauxella_unclassified(85);
Otu0009,0.8063,Bacteria(100);Bacteria_unclassified(100);Bacteria_unclassified(100);Bacteria_unclassified(100);Bacteria_unclassified(100);Bacteria_unclassified(100);Bacteria_unclassified(100);Bacteria_unclassified(100);Bacteria_unclassified(100);
Otu0010,0.8266,Bacteria(100);Firmicutes(100);Bacilli(100);Lactobacillales(100);Leuconostocaceae(100);Leuconostoc(100);Leuconostoc_unclassified(100);Leuconostoc_unclassified(100);Leuconostoc_unclassified(100);
Otu0008,0.8455,Bacteria(100);Firmicutes(100);Bacilli(100);Lactobacillales(100);Enterococcaceae(100);Enterococcus(100);Enterococcus_unclassified(100);Enterococcus_unclassified(100);Enterococcus_unclassified(100);
